{"name":"3249edb4-5db4-4ae5-b53a-c38431346892","id":"/providers/Microsoft.Flow/flows/3249edb4-5db4-4ae5-b53a-c38431346892","type":"Microsoft.Flow/flows","properties":{"apiId":"/providers/Microsoft.PowerApps/apis/shared_logicflows","displayName":"Apex to Teams Notification","definition":{"metadata":{"workflowEntityId":null,"processAdvisorMetadata":null,"flowChargedByPaygo":null,"flowclientsuspensionreason":"None","flowclientsuspensiontime":null,"flowclientsuspensionreasondetails":null,"creator":{"id":"81a85748-1846-4e1e-937c-4b68fedef43f","type":"User","tenantId":"69a12f27-96e3-4813-9123-97e2414da70a"},"provisioningMethod":"FromDefinition","failureAlertSubscription":true,"clientLastModifiedTime":"2024-05-30T08:51:43.1430222Z","connectionKeySavedTimeKey":"2024-05-30T08:51:43.1430222Z"},"$schema":"https://schema.management.azure.com/providers/Microsoft.Logic/schemas/2016-06-01/workflowdefinition.json#","contentVersion":"1.0.0.0","parameters":{"$authentication":{"defaultValue":{},"type":"SecureObject"},"$connections":{"defaultValue":{},"type":"Object"}},"triggers":{"manual":{"metadata":{"operationMetadataId":"09e5b9dc-1ee7-410d-a9e7-4c7b85a997c0"},"type":"Request","kind":"Http","inputs":{"schema":{"type":"object","properties":{"to":{"type":"string"},"subject":{"type":"string"},"Leave Type":{"type":"string"},"Leave Days":{"type":"string"},"message":{"type":"string"}}},"method":"POST","triggerAuthenticationType":"All"}}},"actions":{"Parse_JSON":{"runAfter":{},"metadata":{"operationMetadataId":"5774109a-4c83-41e0-b379-cd6ab6fe50ee"},"type":"ParseJson","inputs":{"content":"@triggerBody()","schema":{"type":"object","properties":{"to":{"type":"string"},"subject":{"type":"string"},"Leave Type":{"type":"string"},"Leave Days":{"type":"string"},"message":{"type":"string"}}}}},"Post_message_in_a_chat_or_channel":{"runAfter":{"Parse_JSON":["Succeeded"]},"metadata":{"operationMetadataId":"2590b977-e3b6-4cd7-9eb3-a1946b2b46d8"},"type":"OpenApiConnection","inputs":{"parameters":{"poster":"Flow bot","location":"Chat with Flow bot","body/recipient":"@body('Parse_JSON')?['to']","body/messageBody":"<p><u><b><strong style=\"color: rgb(208, 2, 27); font-size: 20px;\">Leave Request</strong></b></u> <br><br><span style=\"font-size: 16px;\">Summary: </span><a href=\"https://products.4iapps.com/ords/r/checktest/workflow-for-leave-request/home?session=8196741871490\">@{body('Parse_JSON')?['subject']}</a> <br>Leave Type: @{body('Parse_JSON')?['Leave Type']} <br>No. of Days: @{body('Parse_JSON')?['Leave Days']} <br>Comments: @{body('Parse_JSON')?['message']}</p>"},"host":{"apiId":"/providers/Microsoft.PowerApps/apis/shared_teams","connectionName":"shared_teams-1","operationId":"PostMessageToConversation"},"authentication":"@parameters('$authentication')"}}},"outputs":{}},"connectionReferences":{"shared_teams-1":{"connectionName":"shared-teams-676924af-75d2-40d8-953a-eaec9f9bacbb","source":"Embedded","id":"/providers/Microsoft.PowerApps/apis/shared_teams","tier":"NotSpecified"}},"flowFailureAlertSubscribed":false,"isManaged":false}}